Position,Name,Score,Buchholz
1,E,3.000000,3.500000
2,D,2.500000,5.000000
3,A,2.500000,3.500000
4,I,2.500000,2.500000
5,G,2.500000,2.500000
6,C,2.500000,2.500000
7,H,1.500000,0.000000
8,F,1.000000,0.000000
9,B,1.000000,0.000000
