Position,Name,Score,Buchholz,SB
1,I,3.500000,3.500000,4.250000
2,D,3.000000,3.000000,5.250000
3,H,3.000000,2.500000,5.250000
4,E,2.500000,4.000000,5.500000
5,F,2.500000,1.000000,1.750000
6,B,1.500000,1.500000,3.250000
7,A,1.500000,1.500000,3.000000
8,C,1.500000,0.000000,1.250000
9,G,1.000000,0.000000,0.000000
